ntaname,nearby_events_count,nearby_event_titles,nearby_event_types,has_major_event
Allerton,0,0,0,0
Murray Hill-Kips Bay,10,"STEELY DAN Revue: KING OF THE WORLD Playing Steely Dan's Greatest Hits, Austin Nasso, The Town Hall Presents Kierra Sheard-Kelly: The Princess of Gospel","Music, Arts & Theatre, Sports",1
New Dorp-Midland Beach,0,0,0,0
New Springville-Willowbrook-Bulls Head-Travis,0,0,0,0
North Corona,10,"New York Mets vs. St. Louis Cardinals, New York Mets vs St. Louis Cardinals: Mets Soccer Jersey, New York Mets vs. Atlanta Braves",Sports,1
Norwood,10,"Elite Stars Dance Academy 2.0, Elite Dance Stars 3.0, Dance Theatre of Harlem","Arts & Theatre, Music",1
Oakland Gardens-Hollis Hills,0,0,0,0
Oakwood-Richmondtown,0,0,0,0
Ocean Hill,0,0,0,0
Old Astoria-Hallets Point,2,"Green Velvet, Elefante (18+)",Music,1
Ozone Park,0,0,0,0
Ozone Park (North),0,0,0,0
Park Slope,10,"That's Messed Up LIVE!, Liza Treyger Presents Show and Tell, Carin Leon - De Sonora Para El Mundo Tour 2026","Arts & Theatre, Music, Miscellaneous",1
Murray Hill-Broadway Flushing,0,0,0,0
Parkchester,0,0,0,0
Pelham Bay-Country Club-City Island,0,0,0,0
Pelham Gardens,0,0,0,0
Pelham Parkway-Van Nest,0,0,0,0
Pomonok-Electchester-Hillcrest,4,"NYCFC II vs. Carolina Core FC, NYCFC II vs. Chattanooga FC, NYCFC II vs. Philadelphia Union II",Sports,1
Port Richmond,0,0,0,0
Prospect Heights,10,"Carin Leon - De Sonora Para El Mundo Tour 2026, Lunar Sway by Nick Butler, NARRATIVE SHORTS | SOULmeet","Music, Film, Miscellaneous",1
Prospect Lefferts Gardens-Wingate,0,0,0,0
Prospect Park,3,"Benefit Show: Patti LaBelle + Lady Wray + morernbplease, Royel Otis meet me in the car tour, Liz Phair & Sleater-Kinney: The Flannel and The Fury 2026",Music,1
Queens Village,10,"International Soccer Watch Party: USA v. Australia, International Soccer Watch Party: Brazil v. Haiti, MANILOW: The Last Long Island Concert","Sports, Music, Arts & Theatre",1
Queensboro Hill,8,"Governors Ball Music Festival, LVL UP ACADEMY ANNUAL RECITAL, SexBomb Get, Get Aw! US Tour","Miscellaneous, Arts & Theatre, Music",1
Queensbridge-Ravenswood-Dutch Kills,1,Elefante (18+),Music,1
Randall's Island,10,"NYCFC II vs. Chattanooga FC, NYCFC II vs. Columbus Crew 2, NYCFC II vs. Philadelphia Union II","Sports, Music, Miscellaneous",1
Pelham Bay Park,0,0,0,0
Mount Olivet & All Faiths Cemeteries,0,0,0,0
Mount Hope,0,0,0,0
Mount Eden-Claremont (West),0,0,0,0
Kew Gardens Hills,10,"The Governors Ball Music Festival, Governors Ball Music Festival, LVL UP ACADEMY ANNUAL RECITAL","Music, Miscellaneous, Arts & Theatre",1
Kingsbridge Heights-Van Cortlandt Village,10,"Elite Stars Dance Academy 2.0, Elite Dance Stars 3.0, Dance Theatre of Harlem","Arts & Theatre, Music",1
Kingsbridge-Marble Hill,10,"Elite Stars Dance Academy 2.0, Elite Dance Stars 3.0, Dance Theatre of Harlem","Arts & Theatre, Music",1
Kissena Park,6,"LVL UP ACADEMY ANNUAL RECITAL, SexBomb Get, Get Aw! US Tour, Santiago Cruz: Sigo En Pie Tour","Arts & Theatre, Music",1
LaGuardia Airport,0,0,0,0
Laurelton,0,0,0,0
Lincoln Terrace Park,0,0,0,0
Long Island City-Hunters Point,0,0,0,0
Longwood,0,0,0,0
Lower East Side,10,"CALVIN LECOMPTE, The Banksy Museum New York!, Kings & Constables | Homebase | Blindspot | Fallow Days","Music, Arts & Theatre",1
Madison,0,0,0,0
Manhattanville-West Harlem,5,"TEDxHarlem: A State of Mind					, Apollo Presents: A Visible Life, Apollo Works in Process: A Little Light					","Miscellaneous, Arts & Theatre",0
Mapleton-Midwood (West),0,0,0,0
Marine Park-Mill Basin-Bergen Beach,0,0,0,0
Marine Park-Plumb Island,0,0,0,0
Mariner's Harbor-Arlington-Graniteville,0,0,0,0
Maspeth,0,0,0,0
McGuire Fields,0,0,0,0
Melrose,0,0,0,0
Middle Village,0,0,0,0
Midtown South-Flatiron-Union Square,10,"STEELY DAN Revue: KING OF THE WORLD Playing Steely Dan's Greatest Hits, Austin Nasso, Schmigadoon!","Music, Arts & Theatre, Undefined",1
Midtown-Times Square,10,"The Fear of 13, Maybe Happy Ending, The Lost Boys","Arts & Theatre, Music",1
Midwood,0,0,0,0
Morningside Heights,5,"TEDxHarlem: A State of Mind					, Apollo Presents: A Visible Life, Apollo Works in Process: A Little Light					","Miscellaneous, Arts & Theatre",0
Morris Park,0,0,0,0
Morrisania,0,0,0,0
Mott Haven-Port Morris,6,"Zedd In The Park NYC - FRIDAY TICKET, FERRY PASS - ZEDD IN THE PARK - FRIDAY ONLY, FERRY PASS - ZEDD IN THE PARK - 2 DAY PASS","Music, Miscellaneous",1
Rego Park,10,"21st Anniversary of ""I'm Wide Awake..."" and ""Digital Ash..."", Bright Eyes w/ Built To Spill, Dave Matthews Band","Music, Undefined",1
Kew Gardens,2,The Governors Ball Music Festival,Music,1
Richmond Hill,0,0,0,0
Riverdale-Spuyten Duyvil,0,0,0,0
Tremont,0,0,0,0
Tribeca-Civic Center,10,"The Banksy Museum New York!, Turnpike Troubadours, New Born","Arts & Theatre, Music, Miscellaneous",1
United Nations,10,"STEELY DAN Revue: KING OF THE WORLD Playing Steely Dan's Greatest Hits, Maybe Happy Ending, The Town Hall Presents Kierra Sheard-Kelly: The Princess of Gospel","Music, Arts & Theatre, Miscellaneous",1
University Heights (North)-Fordham,10,"Elite Stars Dance Academy 2.0, Elite Dance Stars 3.0, Dance Theatre of Harlem","Arts & Theatre, Music, Sports",1
University Heights (South)-Morris Heights,0,0,0,0
Upper East Side-Carnegie Hill,10,"Of The Trees - Park Service, Yellowcard: The Up Up Down Down Tour, The Martinez Brothers - North America Tour 2026 with Wakyin",Music,1
Upper East Side-Lenox Hill-Roosevelt Island,10,"Of The Trees - Park Service, Yellowcard: The Up Up Down Down Tour, The Martinez Brothers - North America Tour 2026 with Wakyin",Music,1
Upper East Side-Yorkville,0,0,0,0
Upper West Side (Central),10,"Little Shop of Horrors, Little Shop Of Horrors, Ragtime","Arts & Theatre, Music, Undefined",1
Upper West Side-Lincoln Square,10,"Ragtime, The Play That Goes Wrong, Just In Time","Arts & Theatre, Undefined",0
Upper West Side-Manhattan Valley,0,0,0,0
Van Cortlandt Park,0,0,0,0
Tottenville-Charleston,0,0,0,0
Wakefield-Woodlawn,0,0,0,0
Washington Heights (South),10,"Elmo's Got the Moves, Myriam Hernandez - Tauro Usa Tour 2026, EL LAPIZ CONCIENTE","Arts & Theatre, Music, Sports",1
West Farms,0,0,0,0
West New Brighton-Silver Lake-Grymes Hill,10,"Staten Island FerryHawks vs. Hagerstown Flying Boxcars, Staten Island FerryHawks vs. Long Island Ducks",Sports,1
West Village,10,"KENREX: A True Crime Thriller, GIRL INTERRUPED, New Born","Undefined, Arts & Theatre, Music",1
Westchester Square,0,0,0,0
Westerleigh-Castleton Corners,0,0,0,0
Whitestone-Beechhurst,0,0,0,0
Williamsbridge-Olinville,0,0,0,0
Williamsburg,10,"Tumua: Das' How Tour, VIP Bowling Lane Add On - Dustbowl Revival - Not a Concert Ticket, Dustbowl Revival & The Steel Wheels","Arts & Theatre, Miscellaneous, Music",1
Windsor Terrace-South Slope,3,"Benefit Show: Patti LaBelle + Lady Wray + morernbplease, Royel Otis meet me in the car tour, Liz Phair & Sleater-Kinney: The Flannel and The Fury 2026",Music,1
Woodhaven,0,0,0,0
Woodlawn Cemetery,0,0,0,0
Washington Heights (North),7,"Elmo's Got the Moves, Myriam Hernandez - Tauro Usa Tour 2026, EL LAPIZ CONCIENTE","Arts & Theatre, Music",1
Tompkinsville-Stapleton-Clifton-Fox Hills,10,"Staten Island FerryHawks vs. Hagerstown Flying Boxcars, Staten Island FerryHawks vs. Long Island Ducks",Sports,1
Todt Hill-Emerson Hill-Lighthouse Hill-Manor Heights,0,0,0,0
Throgs Neck-Schuylerville,0,0,0,0
Rockaway Beach-Arverne-Edgemere,0,0,0,0
Rosebank-Shore Acres-Park Hill,0,0,0,0
Rosedale,0,0,0,0
Sheepshead Bay-Manhattan Beach-Gerritsen Beach,0,0,0,0
SoHo-Little Italy-Hudson Square,10,"The Banksy Museum New York!, KENREX: A True Crime Thriller, GIRL INTERRUPED","Arts & Theatre, Undefined, Music",1
Soundview Park,0,0,0,0
Soundview-Bruckner-Bronx River,0,0,0,0
Soundview-Clason Point,0,0,0,0
South Jamaica,0,0,0,0
South Ozone Park,0,0,0,0
South Richmond Hill,0,0,0,0
South Williamsburg,10,"Emo Night Brooklyn ON A BOAT!, Earlybirds Club (21 and Over), Wallie The Sensei (18+ Event)","Music, Undefined",1
Spring Creek Park,0,0,0,0
Spring Creek-Starrett City,0,0,0,0
Springfield Gardens (North)-Rochdale Village,0,0,0,0
Springfield Gardens (South)-Brookville,0,0,0,0
St. Albans,0,0,0,0
St. George-New Brighton,10,"Kinky Boots Movie Screening, Gaspare Randazzo, The 15th Annual Minty Awards","Film, Arts & Theatre, Sports",1
St. John Cemetery,10,"21st Anniversary of ""I'm Wide Awake..."" and ""Digital Ash..."", Southern Hospitality Tour: The Black Crowes and Whiskey Myers, Kes - Roots, Rock, Soca Tour",Music,1
Stuyvesant Town-Peter Cooper Village,10,"CALVIN LECOMPTE, GIRL INTERRUPED, Austin Nasso","Music, Undefined, Arts & Theatre",1
Sunnyside,0,0,0,0
Sunnyside Yards (North),1,Elefante (18+),Music,1
Sunnyside Yards (South),1,Elefante (18+),Music,1
Sunset Park (Central),2,Sammy Virji (18 and Over),Undefined,0
Sunset Park (East)-Borough Park (West),2,Sammy Virji (18 and Over),Undefined,0
Sunset Park (West),2,Sammy Virji (18 and Over),Undefined,0
The Battery-Governors Island-Ellis Island-Liberty Island,0,0,0,0
Ridgewood,3,"Neoni, Sister Wife Sex Strike , Baby Bugs, Elliot Lee",Music,1
Woodside,0,0,0,0
Kensington,0,0,0,0
Jamaica Hills-Briarwood,2,The Governors Ball Music Festival,Music,1
Cambria Heights,0,0,0,0
Canarsie,0,0,0,0
Canarsie Park & Pier,0,0,0,0
Carroll Gardens-Cobble Hill-Gowanus-Red Hook,10,"That's Messed Up LIVE!, Liza Treyger Presents Show and Tell, The Bell House Stand Up Showcase",Arts & Theatre,0
Castle Hill-Unionport,0,0,0,0
Central Park,10,"Little Shop of Horrors, Little Shop Of Horrors, Madonna in Conversation + Film Premiere: Confessions II","Arts & Theatre, Music, Undefined",1
Chelsea-Hudson Yards,10,"Schmigadoon!, Moulin Rouge, Six: The Musical","Arts & Theatre, Undefined",0
Chinatown-Two Bridges,10,"Turnpike Troubadours, The Banksy Museum New York!, Kings & Constables | Homebase | Blindspot | Fallow Days","Music, Arts & Theatre",1
Claremont Village-Claremont (East),0,0,0,0
Clinton Hill,10,"Trap Karaoke: Brooklyn, Carin Leon - De Sonora Para El Mundo Tour 2026, Lunar Sway by Nick Butler","Music, Film, Miscellaneous",1
Co-op City,0,0,0,0
College Point,0,0,0,0
Calvert Vaux Park,10,"Brooklyn FC vs. Portland Hearts of Pine, Brooklyn Cyclones vs. Frederick Keys, Brooklyn FC vs. Tampa Bay Rowdies","Undefined, Sports",1
Concourse-Concourse Village,10,"New York Yankees v. Boston Red Sox * Premium Seating *, New York Yankees vs. Boston Red Sox, Pinstripe Pass * New York Yankees v. Boston Red Sox",Sports,1
Corona,10,"New York Mets vs. St. Louis Cardinals, New York Mets vs St. Louis Cardinals: Mets Soccer Jersey, NYNJ WC26 Queens Match Viewing: MEX V RSA","Sports, Music",1
Crotona Park,0,0,0,0
Crotona Park East,0,0,0,0
Crown Heights (North),10,"BrownstoneJAZZ FEST CONCERT SERIES, BrownstoneJAZZ  SUNDAY AFTER BRUNCH TRIO, BrownstoneJAZZ SUNDAY AFTER BRUNCH TRIO",Music,1
Crown Heights (South),0,0,0,0
Cunningham Park,0,0,0,0
Cypress Hills,0,0,0,0
Douglaston-Little Neck,0,0,0,0
Downtown Brooklyn-DUMBO-Boerum Hill,10,"Trap Karaoke: Brooklyn, Lunar Sway by Nick Butler, Junior Toots - Pressure Drop - A Tribute to Toots & The Maytals","Music, Film",1
Dyker Beach Park,0,0,0,0
Dyker Heights,0,0,0,0
East Elmhurst,0,0,0,0
Coney Island-Sea Gate,10,"Brooklyn FC vs. Portland Hearts of Pine, Brooklyn Cyclones vs. Frederick Keys, Brooklyn FC vs. Tampa Bay Rowdies","Undefined, Sports",1
Calvary & Mount Zion Cemeteries,0,0,0,0
Bushwick (West),6,"Neoni, The Giraffes  Final Show  D'NT, Josh Taggart, Aaron C. Lazar, ALEGRIA PRIDE 2026 - ALEGRIA+WOW+VIVA+SUNRISE","Music, Miscellaneous",1
Bushwick (East),2,"Sister Wife Sex Strike , Baby Bugs, Elliot Lee",Music,1
Alley Pond Park,0,0,0,0
Annadale-Huguenot-Prince's Bay-Woodrow,0,0,0,0
Arden Heights-Rossville,0,0,0,0
Astoria (Central),2,"Green Velvet, Elefante (18+)",Music,1
Astoria (East)-Woodside (North),0,0,0,0
Astoria (North)-Ditmars-Steinway,0,0,0,0
Astoria Park,1,Green Velvet,Music,1
Auburndale,0,0,0,0
Baisley Park,0,0,0,0
Barren Island-Floyd Bennett Field,0,0,0,0
Bath Beach,0,0,0,0
Bay Ridge,0,0,0,0
Bay Terrace-Clearview,0,0,0,0
Bayside,0,0,0,0
Bedford Park,10,"Elite Stars Dance Academy 2.0, Elite Dance Stars 3.0, Dance Theatre of Harlem","Arts & Theatre, Music, Sports",1
Bedford-Stuyvesant (East),10,"BrownstoneJAZZ FEST CONCERT SERIES, BrownstoneJAZZ  SUNDAY AFTER BRUNCH TRIO, BrownstoneJAZZ SUNDAY AFTER BRUNCH TRIO",Music,1
Bedford-Stuyvesant (West),10,"BrownstoneJAZZ FEST CONCERT SERIES, BrownstoneJAZZ  SUNDAY AFTER BRUNCH TRIO, BrownstoneJAZZ SUNDAY AFTER BRUNCH TRIO",Music,1
Bellerose,0,0,0,0
Belmont,6,"Fordham Rams Football vs. Colgate University Raiders Football, Fordham Rams Football vs. Stony Brook Seawolves Football, Fordham Rams Football vs. Richmond Spiders Football",Sports,1
Bensonhurst,0,0,0,0
Borough Park,0,0,0,0
Breezy Point-Belle Harbor-Rockaway Park-Broad Channel,0,0,0,0
Brighton Beach,0,0,0,0
Bronx Park,6,"Fordham Rams Football vs. Colgate University Raiders Football, Fordham Rams Football vs. Stony Brook Seawolves Football, Fordham Rams Football vs. Richmond Spiders Football",Sports,1
Brooklyn Heights,10,"Trap Karaoke: Brooklyn, Turnpike Troubadours, Lunar Sway by Nick Butler","Music, Film",1
Brooklyn Navy Yard,10,"Trap Karaoke: Brooklyn, Lunar Sway by Nick Butler, Junior Toots - Pressure Drop - A Tribute to Toots & The Maytals","Music, Film",1
Brownsville,0,0,0,0
East Flatbush-Erasmus,10,"Kevin Langue, The Avett Brothers w/ Mike Patton, Jill Scott - To Whom This May Concern Tour","Arts & Theatre, Music, Undefined",1
John F. Kennedy International Airport,0,0,0,0
East Flatbush-Farragut,0,0,0,0
East Flatbush-Rugby,0,0,0,0
Grasmere-Arrochar-South Beach-Dongan Hills,0,0,0,0
Gravesend (East)-Homecrest,0,0,0,0
Gravesend (South),10,"Brooklyn FC vs. Portland Hearts of Pine, Brooklyn Cyclones vs. Frederick Keys, Brooklyn FC vs. Tampa Bay Rowdies","Undefined, Sports",1
Gravesend (West),0,0,0,0
Great Kills-Eltingville,0,0,0,0
Greenpoint,10,"Chris Lake, Tumua: Das' How Tour, VIP Bowling Lane Add On - Dustbowl Revival - Not a Concert Ticket","Music, Arts & Theatre, Miscellaneous",1
Greenwich Village,10,"GIRL INTERRUPED, KENREX: A True Crime Thriller, CALVIN LECOMPTE","Undefined, Music, Arts & Theatre",1
Hamilton Heights-Sugar Hill,5,"Columbia Lions Football vs. Lafayette College Leopards Football, Columbia Lions Football vs. Princeton Tigers Football, Columbia Lions Football vs. Dartmouth Big Green Football",Sports,1
Harlem (North),10,"New York Yankees v. Boston Red Sox * Premium Seating *, New York Yankees vs. Boston Red Sox, Pinstripe Pass * New York Yankees v. Boston Red Sox",Sports,1
Harlem (South),6,"TEDxHarlem: A State of Mind					, Apollo Presents: A Visible Life, Apollo Works in Process: A Little Light					","Miscellaneous, Arts & Theatre, Sports",1
Hell's Kitchen,10,"Heathers: The Musical, Jamie Allan's Amaze, The 25th Annual Putnam County Spelling Bee","Arts & Theatre, Miscellaneous, Undefined",0
Highbridge,10,"New York Yankees v. Boston Red Sox * Premium Seating *, New York Yankees vs. Boston Red Sox, Pinstripe Pass * New York Yankees v. Boston Red Sox","Sports, Arts & Theatre",1
Gramercy,10,"Austin Nasso, GIRL INTERRUPED, STEELY DAN Revue: KING OF THE WORLD Playing Steely Dan's Greatest Hits","Arts & Theatre, Undefined, Music",1
Highbridge Park,7,"Elmo's Got the Moves, Myriam Hernandez - Tauro Usa Tour 2026, EL LAPIZ CONCIENTE","Arts & Theatre, Music",1
Highland Park-Cypress Hills Cemeteries (South),0,0,0,0
Hollis,0,0,0,0
Holy Cross Cemetery,10,"Kevin Langue, The Avett Brothers w/ Mike Patton, Jill Scott - To Whom This May Concern Tour","Arts & Theatre, Music, Undefined",1
Howard Beach-Lindenwood,0,0,0,0
Hunts Point,0,0,0,0
Hutchinson Metro Center,0,0,0,0
Inwood,0,0,0,0
Inwood Hill Park,0,0,0,0
Jackson Heights,0,0,0,0
Jacob Riis Park-Fort Tilden-Breezy Point Tip,0,0,0,0
Jamaica,0,0,0,0
Jamaica Estates-Holliswood,4,"NYCFC II vs. Carolina Core FC, NYCFC II vs. Chattanooga FC, NYCFC II vs. Philadelphia Union II",Sports,1
Highland Park-Cypress Hills Cemeteries (North),0,0,0,0
Glendale,0,0,0,0
Glen Oaks-Floral Park-New Hyde Park,0,0,0,0
Freshkills Park (South),0,0,0,0
East Flushing,0,0,0,0
East Harlem (North),10,"TEDxHarlem: A State of Mind					, NYCFC II vs. Chattanooga FC, Apollo Presents: A Visible Life","Miscellaneous, Sports, Arts & Theatre",1
East Harlem (South),1,NJ/NY Gotham FC vs. Seattle Reign FC,Sports,1
East Midtown-Turtle Bay,10,"The Fear of 13, Maybe Happy Ending, The Town Hall Presents Kierra Sheard-Kelly: The Princess of Gospel","Arts & Theatre, Music",1
East New York (North),0,0,0,0
East New York-City Line,0,0,0,0
East New York-New Lots,0,0,0,0
East Village,10,"CALVIN LECOMPTE, GIRL INTERRUPED, Austin Nasso","Music, Undefined, Arts & Theatre",1
East Williamsburg,10,"Gov Ball After Dark - Hot Mulligan: Presented By NÜTRL, Deer Tick, Brooklyn Guitar Festival - Friday at Warsaw","Music, Miscellaneous",1
Eastchester-Edenwald-Baychester,0,0,0,0
Elmhurst,0,0,0,0
Far Rockaway-Bayswater,0,0,0,0
Ferry Point Park-St. Raymond Cemetery,0,0,0,0
Financial District-Battery Park City,10,"Turnpike Troubadours, The Banksy Museum New York!, Banksy Museum - Flexiticket","Music, Arts & Theatre, Miscellaneous",1
Flatbush,10,"Kevin Langue, The Avett Brothers w/ Mike Patton, Jill Scott - To Whom This May Concern Tour","Arts & Theatre, Music, Undefined",1
Flatbush (West)-Ditmas Park-Parkville,10,"Kevin Langue, The Avett Brothers w/ Mike Patton, Jill Scott - To Whom This May Concern Tour","Arts & Theatre, Music, Undefined",1
Flatlands,0,0,0,0
Flushing Meadows-Corona Park,10,"New York Mets vs. St. Louis Cardinals, New York Mets vs St. Louis Cardinals: Mets Soccer Jersey, NYNJ WC26 Queens Match Viewing: MEX V RSA","Sports, Music",1
Flushing-Willets Point,6,"Noah Kahan: The Great Divide Tour , Fuerza Regida: This Is Our Dream Stadium Tour 2026, My Chemical Romance The Black Parade 2026","Music, Sports",1
Fordham Heights,6,"Fordham Rams Football vs. Colgate University Raiders Football, Fordham Rams Football vs. Stony Brook Seawolves Football, Fordham Rams Football vs. Richmond Spiders Football",Sports,1
Forest Hills,10,"21st Anniversary of ""I'm Wide Awake..."" and ""Digital Ash..."", Bright Eyes w/ Built To Spill, Dave Matthews Band","Music, Undefined",1
Forest Park,0,0,0,0
Fort Greene,10,"Trap Karaoke: Brooklyn, Lunar Sway by Nick Butler, Carin Leon - De Sonora Para El Mundo Tour 2026","Music, Film, Miscellaneous",1
Fort Hamilton,0,0,0,0
Fort Totten,0,0,0,0
Fresh Meadows-Utopia,4,"NYCFC II vs. Carolina Core FC, NYCFC II vs. Chattanooga FC, NYCFC II vs. Philadelphia Union II",Sports,1
Freshkills Park (North),0,0,0,0
East Flatbush-Remsen Village,0,0,0,0
Yankee Stadium-Macombs Dam Park,10,"New York Yankees v. Boston Red Sox * Premium Seating *, New York Yankees vs. Boston Red Sox, Pinstripe Pass * New York Yankees v. Boston Red Sox",Sports,1
